City_ID,City,Country,Date,Lat,Lng,Max Temp,Humidity,Cloudiness,Wind Speed
0,East London,ZA,2022-02-12 19:13:53,-33.0153,27.9116,77.43,86,0,12.86
1,Mangaratiba,BR,2022-02-12 19:13:10,-22.9597,-44.0406,81.03,85,68,4.29
2,Arraial Do Cabo,BR,2022-02-12 19:12:43,-22.9661,-42.0278,80.46,69,75,8.05
3,Tutoia,BR,2022-02-12 19:17:08,-2.7619,-42.2744,85.98,70,23,11.79
4,Castro,BR,2022-02-12 19:12:42,-24.7911,-50.0119,80.06,44,17,1.99
5,Carnarvon,AU,2022-02-12 19:11:06,-24.8667,113.6333,82.47,61,100,8.05
6,Clyde River,CA,2022-02-12 19:09:08,70.4692,-68.5914,-14.82,90,100,23.73
7,Hambantota,LK,2022-02-12 19:17:09,6.1241,81.1185,76.44,85,100,9.86
8,Ushuaia,AR,2022-02-12 19:13:12,-54.8,-68.3,47.86,53,40,37.98
9,Busselton,AU,2022-02-12 19:14:28,-33.65,115.3333,56.08,74,0,12.41
10,Rikitea,PF,2022-02-12 19:12:40,-23.1203,-134.9692,79.02,70,3,17.0
11,Kiunga,PG,2022-02-12 19:17:09,-6.1219,141.2906,72.37,92,97,1.14
12,San Andres,CO,2022-02-12 19:17:10,12.5847,-81.7006,86.02,66,20,17.27
13,Mataura,NZ,2022-02-12 19:17:10,-46.1927,168.8643,50.49,92,92,2.82
14,Salalah,OM,2022-02-12 19:17:11,17.0151,54.0924,75.29,64,75,6.91
15,Khatanga,RU,2022-02-12 19:12:58,71.9667,102.5,-17.68,89,29,5.61
16,Port Alfred,ZA,2022-02-12 19:13:20,-33.5906,26.891,75.87,91,1,13.15
17,Victoria,HK,2022-02-12 19:08:07,22.2855,114.1577,65.25,88,100,8.01
18,Shache,CN,2022-02-12 19:17:12,38.4167,77.2406,38.64,32,100,5.64
19,Norman Wells,CA,2022-02-12 19:14:03,65.282,-126.8329,-10.98,92,98,4.32
20,Turukhansk,RU,2022-02-12 19:17:12,65.8167,87.9833,-12.23,80,1,8.52
21,Talnakh,RU,2022-02-12 19:17:13,69.4865,88.3972,-8.34,79,12,9.62
22,Berlevag,NO,2022-02-12 19:17:13,70.8578,29.0864,24.8,80,77,19.75
23,Bethel,US,2022-02-12 19:13:37,41.3712,-73.414,57.69,47,0,12.66
24,Esperance,AU,2022-02-12 19:16:53,-33.8667,121.9,63.95,63,100,10.6
25,Kaili,ID,2022-02-12 19:17:14,-3.4626,120.2147,66.22,94,100,2.53
26,Cape Town,ZA,2022-02-12 19:09:10,-33.9258,18.4232,70.11,78,100,1.99
27,Abu Kamal,SY,2022-02-12 19:17:15,34.4506,40.9171,54.18,42,0,8.66
28,Punta Arenas,CL,2022-02-12 19:08:54,-53.15,-70.9167,57.31,44,40,35.68
29,Meulaboh,ID,2022-02-12 19:17:15,4.1363,96.1285,77.45,85,94,3.58
30,Bjornevatn,NO,2022-02-12 19:17:16,69.6672,29.9847,3.54,85,0,9.22
31,Vieste,IT,2022-02-12 19:17:16,41.8825,16.175,48.7,62,90,7.83
32,Hilo,US,2022-02-12 19:12:56,19.7297,-155.09,77.11,60,20,4.61
33,Darhan,MN,2022-02-12 19:17:17,49.4867,105.9228,-17.27,100,98,1.16
34,New Norfolk,AU,2022-02-12 19:12:56,-42.7826,147.0587,56.91,68,100,3.2
35,Vestmannaeyjar,IS,2022-02-12 19:17:18,63.4427,-20.2734,28.09,78,25,4.05
36,Aranda De Duero,ES,2022-02-12 19:17:18,41.6704,-3.6892,47.01,69,45,3.8
37,Sarakhs,IR,2022-02-12 19:17:19,36.5449,61.1577,42.94,87,100,2.3
38,Borodino,RU,2022-02-12 19:17:19,55.9106,94.8983,-17.54,100,80,5.1
39,Luangwa,ZM,2022-02-12 19:17:20,-15.6167,30.4167,73.0,85,100,2.44
40,Butaritari,KI,2022-02-12 19:12:39,3.0707,172.7902,82.74,69,99,15.97
41,Saint Pete Beach,US,2022-02-12 19:17:20,27.7253,-82.7412,85.28,59,0,6.91
42,Kieta,PG,2022-02-12 19:17:20,-6.2167,155.6333,77.95,76,100,2.01
43,Portland,US,2022-02-12 19:11:59,45.5234,-122.6762,60.78,37,0,13.0
44,Karratha,AU,2022-02-12 19:13:36,-20.7377,116.8463,85.89,66,100,2.04
45,Bluff,NZ,2022-02-12 19:17:21,-46.6,168.3333,50.81,68,100,13.96
46,Mehamn,NO,2022-02-12 19:17:22,71.0357,27.8492,24.75,86,75,20.71
47,Havoysund,NO,2022-02-12 19:17:22,70.9963,24.6622,27.48,57,99,22.7
48,Werda,BW,2022-02-12 19:17:22,-25.2667,23.2833,76.23,23,0,8.95
49,Chokurdakh,RU,2022-02-12 19:12:44,70.6333,147.9167,-2.45,95,100,13.69
50,Acapulco,MX,2022-02-12 19:13:18,16.8634,-99.8901,85.82,58,75,6.91
51,Calama,CL,2022-02-12 19:17:23,-22.4667,-68.9333,75.69,11,0,21.85
52,Albany,US,2022-02-12 19:09:08,42.6001,-73.9662,50.95,57,59,7.0
53,Port Lincoln,AU,2022-02-12 19:17:20,-34.7333,135.8667,68.95,58,99,8.08
54,Wittmund,DE,2022-02-12 19:17:24,53.5667,7.7833,38.03,71,100,17.27
55,Kodiak,US,2022-02-12 19:13:06,57.79,-152.4072,38.71,65,0,11.5
56,Fortuna,US,2022-02-12 19:17:24,40.5982,-124.1573,70.93,58,0,1.01
57,Kamenka,RU,2022-02-12 19:17:29,51.3223,42.7678,17.82,98,89,7.58
58,Sitka,US,2022-02-12 19:14:20,57.0531,-135.33,42.69,81,100,13.8
59,Kapaa,US,2022-02-12 19:13:12,22.0752,-159.319,76.19,81,100,4.61
60,Lagoa,PT,2022-02-12 19:13:53,39.05,-27.9833,60.17,88,100,22.66
61,Panguna,PG,2022-02-12 19:17:30,-6.3164,155.4848,67.15,87,100,1.19
62,Georgetown,MY,2022-02-12 19:13:25,5.4112,100.3354,82.33,72,20,3.44
63,Hermanus,ZA,2022-02-12 19:13:10,-34.4187,19.2345,68.81,86,100,8.14
64,Amos,CA,2022-02-12 19:15:04,48.5669,-78.1162,-6.83,81,100,9.22
65,Cabo San Lucas,MX,2022-02-12 19:17:30,22.8909,-109.9124,83.61,35,20,8.05
66,Mitsamiouli,KM,2022-02-12 19:17:31,-11.3847,43.2844,79.68,78,100,7.87
67,Namibe,AO,2022-02-12 19:17:31,-15.1961,12.1522,76.23,80,83,7.78
68,Saint-Philippe,RE,2022-02-12 19:13:48,-21.3585,55.7679,78.35,85,19,10.4
69,Nuuk,GL,2022-02-12 19:12:45,64.1835,-51.7216,16.41,86,100,11.5
70,Saldanha,ZA,2022-02-12 19:17:32,-33.0117,17.9442,66.81,84,100,13.96
71,Pevek,RU,2022-02-12 19:17:32,69.7008,170.3133,-23.31,98,100,9.42
72,Puerto Ayora,EC,2022-02-12 19:12:43,-0.7393,-90.3518,87.76,84,100,4.0
73,Beringovskiy,RU,2022-02-12 19:12:49,63.05,179.3167,-25.98,95,11,7.65
74,Okhotsk,RU,2022-02-12 19:17:33,59.3833,143.3,-13.99,81,9,9.46
75,Yellowknife,CA,2022-02-12 19:13:03,62.456,-114.3525,-13.72,83,26,1.99
76,Trinidad,BO,2022-02-12 19:17:33,-14.8333,-64.9,82.38,78,75,5.75
77,Pangnirtung,CA,2022-02-12 19:14:00,66.1451,-65.7125,-2.2,78,100,5.75
78,Peniche,PT,2022-02-12 19:14:22,39.3558,-9.3811,57.61,82,43,9.75
79,Marsa Matruh,EG,2022-02-12 19:13:07,31.3525,27.2453,57.13,70,0,8.37
80,Zhigansk,RU,2022-02-12 19:13:04,66.7697,123.3711,-33.65,100,83,3.96
81,Hobart,AU,2022-02-12 19:12:40,-42.8794,147.3294,57.25,75,100,6.91
82,Flinders,AU,2022-02-12 19:13:09,-34.5833,150.8552,64.2,93,85,4.0
83,Taltal,CL,2022-02-12 19:15:21,-25.4,-70.4833,70.97,70,22,6.87
84,Hamilton,US,2022-02-12 19:17:35,39.1834,-84.5333,31.98,78,100,12.66
85,Jamestown,US,2022-02-12 19:12:50,42.097,-79.2353,31.32,63,100,9.22
86,Sakakah,SA,2022-02-12 19:13:11,29.9697,40.2064,52.38,35,0,4.92
87,Longyearbyen,SJ,2022-02-12 19:08:58,78.2186,15.6401,8.44,78,0,12.66
88,Bandarbeyla,SO,2022-02-12 19:14:11,9.4942,50.8122,76.42,66,100,12.88
89,Dikson,RU,2022-02-12 19:13:21,73.5069,80.5464,-2.11,77,100,27.42
90,Qaanaaq,GL,2022-02-12 19:12:53,77.484,-69.3632,-20.29,47,0,8.5
91,Cidreira,BR,2022-02-12 19:13:12,-30.1811,-50.2056,78.76,69,1,18.14
92,Ajdabiya,LY,2022-02-12 19:17:36,30.7554,20.2263,55.08,62,0,3.83
93,Uvira,CD,2022-02-12 19:17:36,-3.4067,29.1458,73.53,85,100,1.1
94,Savinskiy,RU,2022-02-12 19:17:37,62.9342,40.1361,11.28,96,100,5.55
95,Huntingdon,GB,2022-02-12 19:15:43,52.3305,-0.1865,45.1,72,100,11.99
96,Avarua,CK,2022-02-12 19:10:24,-21.2078,-159.775,78.85,89,100,2.3
97,Esmeraldas,BR,2022-02-12 19:17:37,-19.7625,-44.3139,76.24,83,75,7.34
98,Ponta Do Sol,PT,2022-02-12 19:13:55,32.6667,-17.1,63.23,53,34,4.23
99,Paramonga,PE,2022-02-12 19:17:38,-10.6667,-77.8333,75.63,69,22,12.06
100,Bredasdorp,ZA,2022-02-12 19:12:50,-34.5322,20.0403,68.29,76,100,5.37
101,Hami,CN,2022-02-12 19:13:38,42.8,93.45,28.33,52,80,1.21
102,Canita,PA,2022-02-12 19:17:39,9.2097,-78.8811,93.74,60,29,13.38
103,Khandyga,RU,2022-02-12 19:12:59,62.6667,135.6,-41.57,100,97,2.24
104,Hithadhoo,MV,2022-02-12 19:13:43,-0.6,73.0833,81.5,68,100,9.35
105,Codrington,AU,2022-02-12 19:15:56,-38.2667,141.9667,67.78,52,100,10.51
106,Hofn,IS,2022-02-12 19:17:39,64.2539,-15.2082,24.69,69,100,21.61
107,Sarangani,PH,2022-02-12 19:17:40,5.4033,125.4636,81.52,74,99,19.84
108,Thompson,CA,2022-02-12 19:14:00,55.7435,-97.8558,-3.33,77,26,8.16
109,Ust-Tsilma,RU,2022-02-12 19:17:40,65.441,52.1498,13.75,95,93,6.38
110,Korla,CN,2022-02-12 19:13:59,41.7597,86.1469,29.62,45,99,8.14
111,Usoke,TZ,2022-02-12 19:17:41,-5.1667,32.35,65.8,93,100,0.04
112,Sola,VU,2022-02-12 19:17:41,-13.8833,167.55,80.13,72,97,4.92
113,Nyalikungu,TZ,2022-02-12 19:17:42,-3.1833,33.7833,63.93,88,86,3.47
114,Solvychegodsk,RU,2022-02-12 19:17:42,61.3305,46.9156,19.42,95,100,5.99
115,Leningradskiy,RU,2022-02-12 19:14:04,69.3833,178.4167,-19.64,97,98,4.43
116,Monte Alegre De Sergipe,BR,2022-02-12 19:17:43,-10.0272,-37.5622,87.87,42,90,5.61
117,Erenhot,CN,2022-02-12 19:17:43,43.6475,111.9767,-0.27,90,100,8.05
118,Oranjemund,NA,2022-02-12 19:17:43,-28.55,16.4333,68.18,77,5,12.06
119,Sao Filipe,CV,2022-02-12 19:14:13,14.8961,-24.4956,79.41,44,54,20.58
120,Nanortalik,GL,2022-02-12 19:12:46,60.1432,-45.2371,30.4,97,100,6.31
121,West Richland,US,2022-02-12 19:13:23,46.3043,-119.3614,47.44,54,0,3.44
122,Bathsheba,BB,2022-02-12 19:17:44,13.2167,-59.5167,83.01,57,20,21.85
123,Tuktoyaktuk,CA,2022-02-12 19:12:46,69.4541,-133.0374,-30.75,98,20,4.79
124,Biak,ID,2022-02-12 19:13:17,-0.9131,122.8766,74.71,90,100,2.51
125,Thayetmyo,MM,2022-02-12 19:17:45,19.3167,95.1833,62.56,59,100,2.37
126,Champerico,GT,2022-02-12 19:14:26,14.3,-91.9167,97.34,56,0,10.09
127,Mahebourg,MU,2022-02-12 19:13:20,-20.4081,57.7,78.26,85,9,10.16
128,Kedrovyy,RU,2022-02-12 19:17:45,56.1667,91.8167,-17.14,95,41,8.48
129,Suzhou,CN,2022-02-12 19:17:46,31.3114,120.6181,44.47,91,100,5.3
130,Petauke,ZM,2022-02-12 19:17:46,-14.2426,31.3253,64.0,96,66,3.78
131,Vanimo,PG,2022-02-12 19:13:27,-2.6741,141.3028,77.18,88,100,5.68
132,Geraldton,AU,2022-02-12 19:13:13,-28.7667,114.6,70.21,73,3,17.27
133,Maningrida,AU,2022-02-12 19:17:47,-12.0667,134.2667,79.99,76,80,3.47
134,Severo-Kurilsk,RU,2022-02-12 19:14:07,50.6789,156.125,17.78,77,31,1.99
135,Dwarka,IN,2022-02-12 19:17:47,22.2394,68.9678,70.36,52,0,10.47
136,Masallatah,LY,2022-02-12 19:17:48,32.6167,14.0,53.78,69,5,7.2
137,Pisco,PE,2022-02-12 19:17:48,-13.7,-76.2167,76.01,60,0,11.5
138,San Patricio,US,2022-02-12 19:09:04,28.017,-97.5169,69.75,70,100,24.61
139,Vardo,NO,2022-02-12 19:17:49,70.3705,31.1107,25.74,71,15,13.0
140,Rio Grande,BR,2022-02-12 19:17:49,-32.035,-52.0986,78.91,79,100,8.12
141,Caravelas,BR,2022-02-12 19:14:16,-17.7125,-39.2481,82.81,68,99,7.54
142,Houlton,US,2022-02-12 19:17:49,46.1262,-67.8403,44.89,75,40,8.05
143,Morondava,MG,2022-02-12 19:17:50,-20.2833,44.2833,81.16,84,100,10.4
144,Tacna,PE,2022-02-12 19:17:50,-18.0056,-70.2483,73.6,43,0,12.66
145,Barrow,US,2022-02-12 19:12:36,71.2906,-156.7887,-32.78,100,100,6.91
146,Kalmar,SE,2022-02-12 19:17:51,56.6616,16.3616,35.96,83,75,14.97
147,Chernyshevskiy,RU,2022-02-12 19:17:51,63.0128,112.4714,-14.48,100,100,0.45
148,Komsomolskiy,UZ,2022-02-12 19:14:08,40.4272,71.7189,39.92,87,100,2.3
149,Atuona,PF,2022-02-12 19:13:04,-9.8,-139.0333,77.67,77,6,13.58
150,Nikolskoye,RU,2022-02-12 19:13:17,59.7035,30.7861,34.72,96,100,12.12
151,Chase,CA,2022-02-12 19:17:17,50.8165,-119.6857,33.13,83,61,2.53
152,Soltsy,RU,2022-02-12 19:17:52,58.1239,30.3238,33.93,87,100,14.41
153,Yar-Sale,RU,2022-02-12 19:17:52,66.8333,70.8333,-8.1,91,100,14.85
154,Kaeo,NZ,2022-02-12 19:13:22,-35.1,173.7833,67.01,85,100,21.18
155,Arman,RU,2022-02-12 19:17:53,59.7,150.1667,-8.1,81,100,7.47
156,Sangar,RU,2022-02-12 19:17:53,63.9242,127.4739,-21.59,98,100,1.81
157,Pervomaysk,UA,2022-02-12 19:17:54,48.0443,30.8507,37.02,58,100,11.12
158,Hun,LY,2022-02-12 19:17:54,29.1268,15.9477,56.66,35,0,6.46
159,Vaini,TO,2022-02-12 19:12:52,-21.2,-175.2,80.76,89,20,4.61
160,Kaitangata,NZ,2022-02-12 19:13:29,-46.2817,169.8464,50.94,73,100,9.13
161,Russell,US,2022-02-12 19:17:55,32.3502,-85.1999,69.91,44,0,0.0
162,Council Bluffs,US,2022-02-12 19:17:55,41.2619,-95.8608,25.77,41,75,10.36
163,Pionerskiy,RU,2022-02-12 19:17:56,54.9508,20.2275,33.64,74,100,21.41
164,Shizunai,JP,2022-02-12 19:17:22,42.3339,142.3669,30.97,74,94,19.17
165,San Quintin,MX,2022-02-12 19:13:34,30.4833,-115.95,74.55,28,24,3.89
166,Cam Ranh,VN,2022-02-12 19:17:56,11.9214,109.1591,76.96,83,40,9.22
167,Dakar,SN,2022-02-12 19:17:57,14.6937,-17.4441,77.88,68,25,4.61
168,Itarema,BR,2022-02-12 19:17:57,-2.9248,-39.9167,84.02,65,99,12.48
169,Miraflores,MX,2022-02-12 19:17:57,19.2167,-98.8083,67.03,32,100,5.46
170,Antofagasta,CL,2022-02-12 19:17:58,-23.65,-70.4,74.21,63,0,10.65
171,Ancud,CL,2022-02-12 19:13:05,-41.8697,-73.8203,80.22,61,84,5.23
172,Kudahuvadhoo,MV,2022-02-12 19:17:58,2.6708,72.8944,81.48,67,100,5.28
173,Teshie,GH,2022-02-12 19:17:59,5.5836,-0.1072,84.76,79,75,11.5
174,Lubumbashi,CD,2022-02-12 19:17:59,-11.6609,27.4794,62.82,95,100,2.24
175,High Level,CA,2022-02-12 19:15:04,58.5169,-117.136,1.51,78,100,14.97
176,Mormugao,IN,2022-02-12 19:18:00,15.4,73.8,76.12,64,7,5.88
177,Bagdarin,RU,2022-02-12 19:18:00,54.4333,113.6,-20.52,95,93,3.22
178,Pacific Grove,US,2022-02-12 19:18:00,36.6177,-121.9166,76.6,47,0,4.0
179,Sao Jose Dos Campos,BR,2022-02-12 19:16:57,-23.1794,-45.8869,82.26,57,40,17.27
180,San Matias,BO,2022-02-12 19:18:01,-16.3667,-58.4,89.06,63,84,2.3
181,Port Elizabeth,ZA,2022-02-12 19:13:31,-33.918,25.5701,73.69,94,75,12.66
182,Torbay,CA,2022-02-12 19:13:44,47.6666,-52.7314,45.75,80,100,16.11
183,Natal,BR,2022-02-12 19:13:50,-5.795,-35.2094,86.65,66,40,14.97
184,Zonguldak,TR,2022-02-12 19:18:02,41.25,31.8333,34.75,88,90,2.04
185,Riyadh,SA,2022-02-12 19:18:02,24.6877,46.7219,57.34,29,0,14.54
186,Chepareria,KE,2022-02-12 19:18:02,1.3077,35.2039,66.09,51,100,3.47
187,Baykit,RU,2022-02-12 19:18:03,61.67,96.37,-14.69,100,30,2.51
188,Miquelon,PM,2022-02-12 19:18:03,47.0975,-56.3814,41.0,89,77,31.7
189,Zheleznodorozhnyy,RU,2022-02-12 19:18:04,55.7503,38.0042,27.12,91,40,9.01
190,Narasannapeta,IN,2022-02-12 19:13:28,18.4167,84.05,68.16,68,78,4.5
191,Izumo,JP,2022-02-12 19:18:04,35.3667,132.7667,33.75,79,100,6.87
192,Torrington,US,2022-02-12 19:18:05,41.8007,-73.1212,55.6,46,100,1.99
193,Dongkan,CN,2022-02-12 19:18:05,33.9997,119.8308,41.27,77,100,4.59
194,Mtsensk,RU,2022-02-12 19:18:05,53.2766,36.5733,14.49,96,7,8.37
195,Shingu,JP,2022-02-12 19:18:06,33.7333,135.9833,42.91,62,100,5.06
196,Seka,TH,2022-02-12 19:18:06,17.9285,103.9552,72.34,84,100,4.34
197,Fairbanks,US,2022-02-12 19:10:59,64.8378,-147.7164,-3.77,74,40,3.44
198,Mayumba,GA,2022-02-12 19:18:07,-3.432,10.6554,78.78,89,100,5.48
199,Angoche,MZ,2022-02-12 19:18:07,-16.2325,39.9086,78.39,87,91,6.17
200,Makakilo City,US,2022-02-12 19:15:02,21.3469,-158.0858,75.52,69,0,6.91
201,Nioro,GM,2022-02-12 19:18:08,13.35,-15.75,87.49,9,5,7.67
202,Lakatoro,VU,2022-02-12 19:18:08,-16.0999,167.4164,78.75,86,100,1.77
203,Canmore,CA,2022-02-12 19:14:16,51.0834,-115.3521,39.24,55,5,6.06
204,Emba,KZ,2022-02-12 19:18:09,48.8264,58.1442,26.02,91,100,12.57
205,Kurumkan,RU,2022-02-12 19:18:09,54.3,110.3,-22.13,94,72,3.56
206,Goya,AR,2022-02-12 19:18:09,-29.14,-59.2626,79.21,48,97,13.09
207,Saryagash,KZ,2022-02-12 19:18:10,41.4511,69.1701,37.36,83,94,3.24
208,Ostersund,SE,2022-02-12 19:18:10,63.1792,14.6357,32.61,74,20,9.22
209,Ballater,GB,2022-02-12 19:18:11,57.0493,-3.0402,45.3,81,22,16.33
210,Sayat,TM,2022-02-12 19:18:11,38.7839,63.8803,37.27,46,0,7.9
211,Matara,LK,2022-02-12 19:18:11,5.9485,80.5353,75.33,91,100,4.18
212,Tiarei,PF,2022-02-12 19:18:12,-17.5333,-149.3333,86.02,73,74,14.76
213,Man,CI,2022-02-12 19:18:12,7.4125,-7.5538,79.66,18,8,2.35
214,Faya,SA,2022-02-12 19:12:56,18.3851,42.4509,57.72,69,1,6.13
215,Santa Cruz,BO,2022-02-12 19:15:03,-17.8,-63.1667,84.25,54,75,18.41
216,Port Macquarie,AU,2022-02-12 19:18:13,-31.4333,152.9167,62.89,68,100,7.74
217,Vestmanna,FO,2022-02-12 19:18:14,62.1564,-7.1664,38.32,93,75,2.3
218,Minab,IR,2022-02-12 19:18:14,27.1467,57.0801,69.3,73,95,0.0
219,Tasiilaq,GL,2022-02-12 19:09:03,65.6145,-37.6368,10.56,65,100,3.67
220,Kavieng,PG,2022-02-12 19:12:35,-2.5744,150.7967,80.47,78,100,3.89
221,Odweyne,SO,2022-02-12 19:18:15,9.4092,45.064,65.44,61,100,7.63
222,Fredericksburg,US,2022-02-12 19:17:04,38.3032,-77.4605,67.35,38,40,10.36
223,Bengkulu,ID,2022-02-12 19:13:47,-3.8004,102.2655,75.92,84,79,4.29
224,Burnie,AU,2022-02-12 19:18:15,-41.0667,145.9167,61.18,78,100,12.77
225,Cape Canaveral,US,2022-02-12 19:17:22,28.4058,-80.6048,84.97,65,0,6.91
226,Saint Anthony,US,2022-02-12 19:14:15,45.0205,-93.218,4.78,63,100,6.91
227,Svetlogorsk,BY,2022-02-12 19:18:16,52.6333,29.7333,27.95,82,19,10.54
228,Naze,JP,2022-02-12 19:11:00,28.3667,129.4833,62.74,91,100,13.6
229,Alugan,PH,2022-02-12 19:18:16,12.2188,125.4808,77.76,86,97,13.82
230,Ghorawal,IN,2022-02-12 19:18:17,24.7667,82.7833,52.83,45,0,1.52
231,Inhambane,MZ,2022-02-12 19:18:17,-23.865,35.3833,75.94,71,5,10.16
232,Victor Harbor,AU,2022-02-12 19:18:18,-35.5667,138.6167,71.47,39,100,6.35
233,Ravar,IR,2022-02-12 19:18:18,31.2656,56.8055,48.78,70,99,6.49
234,Hasaki,JP,2022-02-12 19:13:48,35.7333,140.8333,27.0,61,90,6.33
235,Alofi,NU,2022-02-12 19:14:30,-19.0595,-169.9187,81.95,74,86,17.69
236,Mitu,CO,2022-02-12 19:18:19,1.1983,-70.1733,82.72,77,100,3.49
237,Dingle,PH,2022-02-12 19:14:06,10.9995,122.6711,74.43,92,36,8.39
238,Asfi,MA,2022-02-12 19:17:21,32.2994,-9.2372,60.13,82,0,16.42
239,Srednekolymsk,RU,2022-02-12 19:18:19,67.45,153.6833,-31.97,98,95,7.25
240,Iracoubo,GF,2022-02-12 19:18:20,5.4802,-53.2011,78.98,85,88,12.15
241,Lebu,CL,2022-02-12 19:13:05,-37.6167,-73.65,67.86,60,31,12.28
242,Palembang,ID,2022-02-12 19:17:01,-2.9167,104.7458,78.89,89,20,2.3
243,Lasa,IT,2022-02-12 19:18:20,46.6166,10.7002,31.46,53,11,1.61
244,Mar Del Plata,AR,2022-02-12 19:09:01,-38.0023,-57.5575,64.42,70,40,18.41
245,Bereda,ES,2022-02-12 19:16:02,43.2686,-7.5406,46.15,91,80,1.61
246,Bahar,IR,2022-02-12 19:18:21,34.9072,48.4414,30.54,84,4,2.1
247,Faanui,PF,2022-02-12 19:16:04,-16.4833,-151.75,80.69,74,100,15.35
248,Henties Bay,NA,2022-02-12 19:14:26,-22.116,14.2845,71.85,80,77,6.2
249,Rio Gallegos,AR,2022-02-12 19:18:22,-51.6226,-69.2181,69.85,21,40,33.38
250,Santiago Del Estero,AR,2022-02-12 19:14:52,-27.7951,-64.2615,82.26,33,66,12.5
251,Andenes,NO,2022-02-12 19:14:26,69.3143,16.1194,26.58,74,15,13.8
252,Harer,ET,2022-02-12 19:18:23,9.3094,42.1258,60.01,60,100,9.4
253,Pochutla,MX,2022-02-12 19:12:49,15.7432,-96.4661,87.62,37,0,8.5
254,Tadine,NC,2022-02-12 19:18:23,-21.55,167.8833,79.54,85,100,6.24
255,Kijang,KR,2022-02-12 19:18:23,35.2442,129.2139,42.53,61,100,9.42
256,Touros,BR,2022-02-12 19:18:24,-5.1989,-35.4608,86.9,67,38,10.33
257,Kavaratti,IN,2022-02-12 19:12:59,10.5669,72.642,80.64,71,5,8.43
258,Mikhaylovskoye,RU,2022-02-12 19:18:24,51.8239,79.7172,17.17,94,100,10.94
259,Masterton,NZ,2022-02-12 19:14:13,-40.9597,175.6575,65.93,98,100,7.87
260,Llanes,ES,2022-02-12 19:18:25,43.4198,-4.7549,52.9,86,100,2.98
261,Vanino,RU,2022-02-12 19:18:25,49.0869,140.2543,20.77,95,100,5.53
262,Isugod,PH,2022-02-12 19:18:26,9.3408,118.1196,77.63,87,100,3.38
263,Kaohsiung,TW,2022-02-12 19:18:26,22.6163,120.3133,67.95,83,75,3.44
264,Cherskiy,RU,2022-02-12 19:18:27,68.75,161.3,-21.23,98,100,10.2
265,Teberda,RU,2022-02-12 19:18:27,43.4456,41.7448,28.09,65,39,12.82
266,Mamallapuram,IN,2022-02-12 19:18:27,12.6264,80.1722,80.06,74,11,10.58
267,Havre-Saint-Pierre,CA,2022-02-12 19:18:28,50.2334,-63.5986,34.39,93,100,12.66
268,Elko,US,2022-02-12 19:18:28,41.0002,-115.5012,44.74,51,0,1.99
269,Carutapera,BR,2022-02-12 19:13:31,-1.195,-46.02,79.7,86,100,6.49
270,Rawson,AR,2022-02-12 19:18:29,-43.3002,-65.1023,80.26,25,100,7.07
271,Provideniya,RU,2022-02-12 19:12:52,64.3833,-173.3,-11.45,82,11,5.99
272,Kisangani,CD,2022-02-12 19:18:29,0.5167,25.2,78.87,59,100,1.99
273,Petrykivka,UA,2022-02-12 19:18:30,48.7298,34.6351,34.72,80,100,13.53
274,Santa Isabel,BR,2022-02-12 19:18:30,-23.3156,-46.2214,80.31,77,45,8.25
275,Saskylakh,RU,2022-02-12 19:13:26,71.9167,114.0833,0.48,75,44,12.06
276,Ahipara,NZ,2022-02-12 19:13:33,-35.1667,173.1667,66.47,87,100,26.28
277,Duluth,US,2022-02-12 19:18:31,46.7833,-92.1066,4.55,49,40,4.61
278,Ferrol,ES,2022-02-12 19:18:31,43.4832,-8.2369,52.05,81,16,4.36
279,Souillac,MU,2022-02-12 19:18:31,-20.5167,57.5167,80.98,83,40,6.91
280,Nha Trang,VN,2022-02-12 19:18:32,12.25,109.1833,77.0,90,84,5.64
281,Rorvik,NO,2022-02-12 19:18:32,64.8621,11.2373,34.34,77,100,13.27
282,Kempele,FI,2022-02-12 19:18:33,64.9131,25.5034,17.62,86,100,2.3
283,Havelock,US,2022-02-12 19:18:33,34.8791,-76.9013,71.98,57,100,5.99
284,Ribeira Grande,PT,2022-02-12 19:12:47,38.5167,-28.7,63.0,82,75,20.71
285,Abancay,PE,2022-02-12 19:18:34,-13.6339,-72.8814,60.04,77,100,1.74
286,Pombia,IT,2022-02-12 19:18:34,45.653,8.6336,45.25,65,0,1.14
287,Dongsheng,CN,2022-02-12 19:18:34,39.8161,109.9776,23.43,76,100,13.0
288,Nishihara,JP,2022-02-12 19:18:35,26.1842,127.7558,69.08,83,100,18.41
289,Inuvik,CA,2022-02-12 19:18:35,68.3499,-133.7218,-17.54,72,75,6.91
290,Yulara,AU,2022-02-12 19:12:51,-25.2406,130.9889,69.64,43,0,6.91
291,Bondoukou,CI,2022-02-12 19:18:36,8.0333,-2.8,80.6,44,45,2.93
292,Lashio,MM,2022-02-12 19:18:36,22.9333,97.75,49.32,75,13,2.1
293,Sibut,CF,2022-02-12 19:18:36,5.718,19.0739,83.75,19,9,1.48
294,Buzuluk,RU,2022-02-12 19:18:37,52.7807,52.2635,19.47,98,100,2.77
295,Walvis Bay,NA,2022-02-12 19:18:37,-22.9575,14.5053,72.55,73,93,4.61
296,Ciudad Real,ES,2022-02-12 19:18:38,39.0,-4.0,55.11,67,85,3.0
297,Kahului,US,2022-02-12 19:13:38,20.8947,-156.47,76.84,70,20,7.0
298,Hayden,US,2022-02-12 19:18:38,47.766,-116.7866,40.91,64,0,5.75
299,Cayenne,GF,2022-02-12 19:14:27,4.9333,-52.3333,80.64,89,75,10.36
300,Quatre Cocos,MU,2022-02-12 19:18:39,-20.2078,57.7625,80.71,85,10,10.16
301,Sabinas,MX,2022-02-12 19:18:39,27.85,-101.1167,62.06,30,0,30.11
302,Klaksvik,FO,2022-02-12 19:12:59,62.2266,-6.589,40.12,88,100,9.86
303,Scarborough,GB,2022-02-12 19:18:40,54.2797,-0.4044,46.22,84,100,18.99
304,Saint George,US,2022-02-12 19:09:32,37.1041,-113.5841,64.87,20,0,3.44
305,Saurimo,AO,2022-02-12 19:18:40,-9.6608,20.3916,66.07,92,100,3.22
306,Mpigi,UG,2022-02-12 19:18:41,0.225,32.3136,72.41,84,99,2.75
307,Iralaya,HN,2022-02-12 19:18:41,15.0,-83.2333,84.29,69,35,12.41
308,Sibolga,ID,2022-02-12 19:18:41,1.7427,98.7792,76.91,81,99,2.33
309,Falmouth,GB,2022-02-12 19:18:42,50.1544,-5.0711,50.9,100,100,17.27
310,Lindi,TZ,2022-02-12 19:18:42,-10.0,39.7167,75.02,95,100,2.64
311,Gander,CA,2022-02-12 19:15:43,48.9682,-54.5906,39.33,86,75,20.71
312,Joensuu,FI,2022-02-12 19:18:43,62.6012,29.7632,25.29,86,40,10.36
313,Harper,LR,2022-02-12 19:18:43,4.375,-7.7169,79.16,81,5,8.43
314,Port Hardy,CA,2022-02-12 19:18:32,50.6996,-127.4199,43.75,100,75,3.44
315,Nouadhibou,MR,2022-02-12 19:14:08,20.931,-17.0347,67.26,69,76,21.34
316,Thinadhoo,MV,2022-02-12 19:18:44,0.5333,72.9333,81.48,70,100,6.73
317,Tezu,IN,2022-02-12 19:18:44,27.9167,96.1667,52.81,65,1,4.29
318,Iskateley,RU,2022-02-12 19:18:44,67.6803,53.1512,11.08,94,99,10.65
319,Bambous Virieux,MU,2022-02-12 19:13:19,-20.3428,57.7575,78.22,85,8,9.95
320,North Bend,US,2022-02-12 19:15:48,43.4065,-124.2243,63.07,71,0,4.61
321,Mount Gambier,AU,2022-02-12 19:18:45,-37.8333,140.7667,64.42,50,100,7.34
322,Chifeng,CN,2022-02-12 19:18:46,42.2683,118.9636,10.18,73,44,2.15
323,Baisha,CN,2022-02-12 19:18:46,26.5222,110.9311,39.27,97,100,3.18
324,Rivadavia,AR,2022-02-12 19:18:46,-33.1905,-68.4608,75.67,20,43,7.96
325,Tiksi,RU,2022-02-12 19:14:01,71.6872,128.8694,-8.57,90,88,16.67
326,Xuddur,SO,2022-02-12 19:18:47,4.1213,43.8894,78.66,30,100,11.21
327,Fairview,US,2022-02-12 19:18:48,40.8126,-73.999,59.36,41,0,19.57
328,Ayolas,PY,2022-02-12 19:18:48,-27.4,-56.9,87.82,45,67,16.08
329,Acarau,BR,2022-02-12 19:14:18,-2.8856,-40.12,84.25,65,99,13.65
330,Constantine,DZ,2022-02-12 19:14:33,36.365,6.6147,47.61,76,40,3.44
331,Kosh-Agach,RU,2022-02-12 19:14:29,50.0,88.6667,-28.12,97,52,3.11
332,Saint-Pierre,RE,2022-02-12 19:18:49,-21.3393,55.4781,78.44,78,20,4.61
333,Gilgit,PK,2022-02-12 19:18:49,35.9221,74.3087,23.85,57,73,2.08
334,Sechura,PE,2022-02-12 19:15:58,-5.5569,-80.8222,82.42,54,100,15.48
335,Buzmeyin,TM,2022-02-12 19:18:50,38.0507,58.2056,42.53,93,100,6.91
336,Sorland,NO,2022-02-12 19:18:50,67.667,12.6934,34.97,55,100,12.03
337,Kajaani,FI,2022-02-12 19:18:50,64.2273,27.7285,23.05,86,100,5.75
338,Popondetta,PG,2022-02-12 19:18:51,-8.7537,148.2534,73.83,90,100,1.92
339,Beloha,MG,2022-02-12 19:18:51,-25.1667,45.05,75.34,82,13,19.08
340,Tabou,CI,2022-02-12 19:18:52,4.423,-7.3528,79.18,82,7,7.56
341,Bolu,TR,2022-02-12 19:18:52,40.6667,31.5833,32.11,84,100,1.59
342,Hobyo,SO,2022-02-12 19:18:53,5.3505,48.5268,77.29,69,90,15.79
343,Iqaluit,CA,2022-02-12 19:13:30,63.7506,-68.5145,-33.9,94,93,3.51
344,Vostochnyy,RU,2022-02-12 19:18:53,55.8167,37.8667,26.87,91,68,9.37
345,Isangel,VU,2022-02-12 19:18:53,-19.55,169.2667,77.11,94,75,0.0
346,Dzilam Gonzalez,MX,2022-02-12 19:18:54,21.2833,-88.9333,83.8,58,86,6.13
347,Asau,RO,2022-02-12 19:13:36,46.4333,26.4,30.4,92,94,1.92
348,The Valley,AI,2022-02-12 19:18:54,18.217,-63.0578,78.94,69,75,17.27
349,Moissala,TD,2022-02-12 19:18:55,8.3404,17.7663,81.91,14,65,5.35
350,Kanigoro,ID,2022-02-12 19:18:55,-8.13,112.219,72.5,94,100,5.03
351,Grindavik,IS,2022-02-12 19:13:46,63.8424,-22.4338,25.27,63,0,8.05
352,Preobrazheniye,RU,2022-02-12 19:18:56,42.9019,133.9064,14.76,65,1,7.05
353,Moose Factory,CA,2022-02-12 19:18:56,51.2585,-80.6094,-5.8,54,0,11.5
354,Padang,ID,2022-02-12 19:18:57,-0.9492,100.3543,76.86,82,96,3.67
355,Avera,US,2022-02-12 19:18:57,33.194,-82.5271,69.71,35,100,5.37
356,Sinnamary,GF,2022-02-12 19:18:57,5.3833,-52.95,79.25,85,73,12.1
357,Vilyuysk,RU,2022-02-12 19:18:58,63.7553,121.6247,-26.28,100,100,2.68
358,Suez,EG,2022-02-12 19:18:58,29.9737,32.5263,58.41,54,0,8.39
359,Mount Isa,AU,2022-02-12 19:13:13,-20.7333,139.5,73.17,94,4,5.75
360,Rocha,UY,2022-02-12 19:15:54,-34.4833,-54.3333,67.08,96,100,14.9
361,Pizarro,CO,2022-02-12 19:18:59,4.9533,-77.366,81.39,79,67,6.64
362,Petropavlovsk-Kamchatskiy,RU,2022-02-12 19:18:59,53.0452,158.6483,-5.21,77,75,4.47
363,Mogocha,RU,2022-02-12 19:18:59,53.7333,119.7667,-18.38,99,92,3.29
364,Sungairaya,ID,2022-02-12 19:19:00,0.7,108.9,75.97,90,100,2.44
365,Satun,TH,2022-02-12 19:19:00,6.8333,100.0,80.31,90,100,2.48
366,Tonantins,BR,2022-02-12 19:19:01,-2.8731,-67.8022,84.58,76,100,4.43
367,Neuquen,AR,2022-02-12 19:16:35,-38.9516,-68.0591,85.89,10,0,9.22
368,San Cristobal,VE,2022-02-12 19:12:48,7.7669,-72.225,77.18,38,99,6.33
369,Luderitz,NA,2022-02-12 19:19:01,-26.6481,15.1594,73.58,70,3,7.18
370,Guiratinga,BR,2022-02-12 19:19:02,-16.3494,-53.7583,83.64,68,32,1.32
371,Bitkine,TD,2022-02-12 19:19:02,11.9801,18.2138,80.53,12,91,7.36
372,Belyy Yar,RU,2022-02-12 19:19:02,53.6039,91.3903,-26.14,53,83,0.0
373,Anadyr,RU,2022-02-12 19:14:25,64.75,177.4833,-38.43,99,64,6.85
374,Lompoc,US,2022-02-12 19:13:24,34.6391,-120.4579,85.51,20,0,6.91
375,Araouane,ML,2022-02-12 19:19:03,18.9048,-3.5265,67.91,14,0,9.26
376,Alekseyevsk,RU,2022-02-12 19:19:03,57.8406,108.3492,-26.0,100,100,0.58
377,Airai,TL,2022-02-12 19:19:04,-8.9266,125.4092,58.84,93,71,2.42
378,Srednebelaya,RU,2022-02-12 19:19:04,50.6594,128.0106,1.78,93,100,10.16
379,Hede,CN,2022-02-12 19:19:05,33.7681,120.2517,41.99,78,100,4.65
380,Nikolayevka,RU,2022-02-12 19:19:05,53.1257,47.2041,23.81,94,100,8.1
381,Kungurtug,RU,2022-02-12 19:19:05,50.5994,97.5228,-24.84,98,33,1.77
382,Nyahururu,KE,2022-02-12 19:19:06,0.0421,36.3673,56.23,64,100,7.45
383,Necochea,AR,2022-02-12 19:19:06,-38.5473,-58.7368,69.04,46,3,11.16
384,Sorrento,IT,2022-02-12 19:19:07,40.626,14.3744,54.09,88,21,8.55
385,Visnes,NO,2022-02-12 19:19:07,59.3556,5.2242,43.21,93,100,19.57
386,Broome,US,2022-02-12 19:15:42,42.2506,-75.833,43.21,61,75,14.97
387,Katsina,NG,2022-02-12 19:19:08,12.9894,7.6006,71.65,12,5,9.48
388,Mandalgovi,MN,2022-02-12 19:13:24,45.7625,106.2708,-7.22,78,13,6.22
389,Te Anau,NZ,2022-02-12 19:14:16,-45.4167,167.7167,46.09,88,89,4.16
390,Upernavik,GL,2022-02-12 19:13:18,72.7868,-56.1549,-3.98,98,100,15.19
391,Zhob,PK,2022-02-12 19:19:08,31.3411,69.4481,50.86,30,0,3.06
392,Tawau,MY,2022-02-12 19:19:09,4.2498,117.8871,73.53,85,100,2.35
393,Nouakchott,MR,2022-02-12 19:17:47,18.0858,-15.9785,84.13,37,81,6.96
394,Ust-Nera,RU,2022-02-12 19:19:09,64.5667,143.2,-35.39,99,60,2.57
395,Gat,IL,2022-02-12 19:17:03,31.61,34.7642,54.39,100,0,5.41
396,Palafrugell,ES,2022-02-12 19:19:10,41.9174,3.1631,52.47,49,94,1.99
397,Lawrenceburg,US,2022-02-12 19:19:10,38.0373,-84.8966,34.27,67,100,8.05
398,Vila Franca Do Campo,PT,2022-02-12 19:19:11,37.7167,-25.4333,63.19,77,100,10.94
399,Ewa Beach,US,2022-02-12 19:19:11,21.3156,-158.0072,76.95,69,0,6.91
400,Fukue,JP,2022-02-12 19:19:12,32.6881,128.8419,50.43,90,100,12.01
401,Santarem,BR,2022-02-12 19:19:12,-2.4431,-54.7083,86.13,66,40,11.5
402,Cameta,BR,2022-02-12 19:19:12,-2.2444,-49.4958,84.61,65,67,3.53
403,Adrar,MR,2022-02-12 19:19:13,20.5022,-10.0711,69.48,18,2,10.07
404,Sadabad,IN,2022-02-12 19:19:13,27.45,78.05,53.49,52,0,1.59
405,Providencia,MX,2022-02-12 19:19:14,28.7167,-111.5833,82.45,28,34,1.45
406,Khandagayty,RU,2022-02-12 19:19:14,50.7333,92.05,-25.2,98,100,4.29
407,Kyrylivka,UA,2022-02-12 19:19:14,46.3759,35.3675,38.52,67,100,23.31
408,Loa Janan,ID,2022-02-12 19:19:15,-0.583,117.095,72.93,97,100,1.45
409,Narsaq,GL,2022-02-12 19:13:15,60.9167,-46.05,30.42,98,100,2.1
410,Svetlyy,RU,2022-02-12 19:19:15,54.675,20.1347,33.85,69,96,17.31
411,Garden City,US,2022-02-12 19:16:31,42.3256,-83.331,24.62,58,100,11.5
412,Sur,OM,2022-02-12 19:14:42,22.5667,59.5289,69.67,62,0,10.02
413,Byron Bay,AU,2022-02-12 19:15:59,-28.65,153.6167,68.88,66,77,12.93
414,Waddan,LY,2022-02-12 19:19:16,29.1614,16.139,56.14,37,0,5.95
415,Stromness,GB,2022-02-12 19:19:16,58.965,-3.296,43.05,86,100,25.84
416,Katsuura,JP,2022-02-12 19:13:28,35.1333,140.3,39.31,58,39,4.18
417,Ushtobe,KZ,2022-02-12 19:19:17,45.2514,77.9838,23.52,91,100,6.55
418,Homer,US,2022-02-12 19:19:17,59.6425,-151.5483,36.77,93,100,3.44
419,Wukari,NG,2022-02-12 19:17:16,7.85,9.7833,84.4,10,47,5.41
420,Grand-Santi,GF,2022-02-12 19:19:18,4.25,-54.3833,78.51,95,100,4.14
421,Vao,NC,2022-02-12 19:19:18,-22.6667,167.4833,79.83,82,100,5.44
422,Dubbo,AU,2022-02-12 19:19:19,-32.25,148.6167,55.53,94,0,8.05
423,Uhlove,UA,2022-02-12 19:19:19,44.8215,33.6045,39.56,72,51,17.98
424,Constitucion,CL,2022-02-12 19:13:50,-35.3333,-72.4167,71.87,53,1,5.73
425,Wembley,AU,2022-02-12 19:17:50,-31.9333,115.8,68.2,69,0,14.97
426,Paita,PE,2022-02-12 19:19:20,-5.0892,-81.1144,84.76,62,100,13.65
427,Barguzin,RU,2022-02-12 19:19:20,53.6167,109.6167,-20.99,93,59,2.68
428,Kulhudhuffushi,MV,2022-02-12 19:19:20,6.6221,73.07,81.52,73,100,6.13
429,Kirakira,SB,2022-02-12 19:19:21,-10.4544,161.9205,77.97,84,99,4.38
430,Chhatak,BD,2022-02-12 19:19:21,25.0333,91.6667,57.97,63,0,3.65
431,Nicoya,CR,2022-02-12 19:19:22,10.1483,-85.452,90.95,33,8,8.86
432,Nyaunglebin,MM,2022-02-12 19:19:22,17.95,96.7333,62.35,48,23,1.03
433,Xining,CN,2022-02-12 19:19:23,36.6167,101.7667,12.15,68,100,1.95
434,Sydney,AU,2022-02-12 19:19:19,-33.8679,151.2073,67.3,87,75,6.91
435,Paamiut,GL,2022-02-12 19:19:23,61.994,-49.6678,20.68,94,100,14.09
436,Teya,RU,2022-02-12 19:13:29,60.3778,92.6267,-16.74,100,48,2.39
437,Camp Verde,US,2022-02-12 19:19:24,34.5636,-111.8543,69.53,10,0,11.23
438,Pontianak,ID,2022-02-12 19:19:24,-0.0333,109.3333,75.18,100,100,3.44
439,Hovd,MN,2022-02-12 19:19:24,48.0056,91.6419,-17.09,83,68,3.76
440,Dolzhanskaya,RU,2022-02-12 19:19:25,46.6311,37.8039,34.92,81,93,30.24
441,Santana Do Livramento,BR,2022-02-12 19:19:25,-30.8908,-55.5328,80.96,57,99,15.35
442,Hualmay,PE,2022-02-12 19:19:26,-11.0964,-77.6139,75.88,68,42,11.34
443,Moshi,TZ,2022-02-12 19:19:26,-3.35,37.3333,74.37,65,100,3.98
444,Manta,EC,2022-02-12 19:14:11,-0.95,-80.7333,80.38,78,100,5.75
445,Sestri Levante,IT,2022-02-12 19:19:27,44.2732,9.3968,49.91,49,8,4.0
446,Beira,MZ,2022-02-12 19:19:27,-19.8436,34.8389,82.49,74,40,12.66
447,Loandjili,CG,2022-02-12 19:19:27,-4.7561,11.8578,78.94,86,69,7.58
448,Azangaro,PE,2022-02-12 19:19:28,-14.9167,-70.2167,55.54,58,100,4.7
449,Benjamin Constant,BR,2022-02-12 19:19:28,-4.3831,-70.0311,82.45,74,75,4.61
450,Tessalit,ML,2022-02-12 19:19:29,20.1986,1.0114,72.34,11,1,9.48
451,Sao Jose Da Coroa Grande,BR,2022-02-12 19:19:29,-8.8978,-35.1478,84.11,64,28,13.4
452,Haapiti,PF,2022-02-12 19:19:30,-17.5667,-149.8667,85.73,73,89,14.25
453,Yichang,CN,2022-02-12 19:19:30,30.7144,111.2847,40.68,84,100,0.81
454,Yaan,NG,2022-02-12 19:19:30,7.3833,8.5667,88.25,9,60,2.77
455,Vallenar,CL,2022-02-12 19:19:31,-28.5708,-70.7581,84.92,26,0,13.65
456,Alexandria,EG,2022-02-12 19:17:20,31.2156,29.9553,57.36,73,0,12.28
457,Novoagansk,RU,2022-02-12 19:19:31,61.9449,76.6625,-4.92,94,6,10.16
458,Bud,US,2022-02-12 19:13:21,39.447,-86.1758,27.3,80,100,10.29
459,Vitim,RU,2022-02-12 19:19:32,59.4511,112.5578,-26.63,100,97,1.12
460,Kysyl-Syr,RU,2022-02-12 19:19:32,63.8986,122.7617,-24.3,100,100,2.59
461,Atambua,ID,2022-02-12 19:13:48,-9.1061,124.8925,72.73,91,86,3.67
462,Saint-Augustin,CA,2022-02-12 19:13:14,51.226,-58.6502,33.24,98,100,19.8
463,Lodja,CD,2022-02-12 19:19:33,-3.4833,23.4333,72.14,89,79,0.63
464,Mugur-Aksy,RU,2022-02-12 19:19:33,50.35,90.5,-20.38,81,3,6.76
465,Qinhuangdao,CN,2022-02-12 19:19:34,39.9317,119.5883,24.06,55,100,14.23
466,Malumfashi,NG,2022-02-12 19:19:34,11.7853,7.6218,72.23,13,6,10.74
467,La Ronge,CA,2022-02-12 19:17:20,55.1001,-105.2842,-10.95,58,40,4.61
468,Nabire,ID,2022-02-12 19:13:49,-3.3667,135.4833,74.97,92,96,3.15
469,Arlit,NE,2022-02-12 19:19:35,18.7369,7.3853,72.73,11,0,6.91
470,Jacareacanga,BR,2022-02-12 19:19:35,-6.2222,-57.7528,82.2,89,100,0.87
471,Sande,DE,2022-02-12 19:19:35,53.5049,8.0142,38.01,57,93,15.52
472,Maputo,MZ,2022-02-12 19:19:36,-25.9653,32.5892,79.23,78,20,6.91
473,Winneba,GH,2022-02-12 19:19:36,5.3511,-0.6231,84.67,81,53,9.84
474,Chuy,UY,2022-02-12 19:13:04,-33.6971,-53.4616,72.25,87,100,9.19
475,Lata,PT,2022-02-12 19:13:01,40.1629,-8.3327,55.72,92,93,3.04
476,Weligama,LK,2022-02-12 19:19:37,5.9667,80.4167,74.91,92,100,3.96
477,Samarai,PG,2022-02-12 19:14:22,-10.6167,150.6667,80.46,69,97,9.08
478,Banda Aceh,ID,2022-02-12 19:19:37,5.5577,95.3222,77.36,85,17,11.32
479,Nantucket,US,2022-02-12 19:19:38,41.2835,-70.0995,55.62,76,0,16.11
480,Porbandar,IN,2022-02-12 19:19:38,21.6422,69.6093,69.4,38,2,10.96
481,Derzhavinsk,KZ,2022-02-12 19:18:20,51.1,66.3167,23.86,95,100,15.28
482,Iwaki,JP,2022-02-12 19:19:39,37.05,140.8833,34.77,67,78,6.22
483,Bullhead City,US,2022-02-12 19:19:39,35.1478,-114.5683,77.72,13,0,27.63
484,Anaconda,US,2022-02-12 19:19:39,46.1285,-112.9423,35.78,50,9,2.84
485,Alyangula,AU,2022-02-12 19:19:40,-13.8483,136.4192,83.21,69,76,11.83
486,Lavrentiya,RU,2022-02-12 19:19:40,65.5833,-171.0,-17.99,94,10,7.16
487,Adeje,ES,2022-02-12 19:19:41,28.1227,-16.726,68.02,79,20,11.5
488,Comodoro Rivadavia,AR,2022-02-12 19:10:23,-45.8667,-67.5,85.86,23,0,11.5
489,Solnechnyy,RU,2022-02-12 19:19:41,50.7214,136.6319,10.09,93,100,7.14
490,Ulaangom,MN,2022-02-12 19:19:42,49.9811,92.0667,-27.18,96,99,2.46
491,Sept-Iles,CA,2022-02-12 19:19:42,50.2001,-66.3821,34.05,88,100,4.61
492,Ostrovnoy,RU,2022-02-12 19:14:01,68.0531,39.5131,11.75,94,60,8.52
493,Curup,ID,2022-02-12 19:19:43,-3.4667,102.5333,67.1,95,65,1.43
494,Baykalovo,RU,2022-02-12 19:19:43,57.3981,63.7684,-6.3,100,100,4.68
495,Zeerust,ZA,2022-02-12 19:19:44,-25.5369,26.0751,69.53,32,5,4.23
496,Huarmey,PE,2022-02-12 19:19:44,-10.0681,-78.1522,76.53,70,48,11.01
497,Laukaa,RU,2022-02-12 19:19:44,58.7372,29.8453,33.37,88,100,13.47
498,Castro Alves,BR,2022-02-12 19:19:45,-12.7656,-39.4283,86.63,53,78,7.0
499,Tulum,MX,2022-02-12 19:18:57,20.2167,-87.4667,82.92,78,16,6.76
500,Honningsvag,NO,2022-02-12 19:19:45,70.9821,25.9704,24.33,61,100,22.75
501,Tautira,PF,2022-02-12 19:13:29,-17.7333,-149.15,84.22,76,88,15.28
502,Evans,US,2022-02-12 19:15:18,33.5337,-82.1307,70.03,44,0,3.44
503,Evensk,RU,2022-02-12 19:13:03,61.95,159.2333,-12.33,74,19,6.93
504,Roswell,US,2022-02-12 19:16:44,34.0232,-84.3616,69.66,46,0,3.44
505,Atar,MR,2022-02-12 19:13:34,20.5169,-13.0499,75.4,17,14,11.43
506,Westport,US,2022-02-12 19:16:31,41.1415,-73.3579,59.9,46,0,18.41
507,Qasigiannguit,GL,2022-02-12 19:13:59,68.8193,-51.1922,25.05,90,100,9.44
508,Lorengau,PG,2022-02-12 19:19:47,-2.0226,147.2712,80.58,76,100,3.51
509,Bindura,ZW,2022-02-12 19:19:47,-17.3019,31.3306,73.02,78,100,3.56
510,Aklavik,CA,2022-02-12 19:15:50,68.2191,-135.0107,-17.57,68,75,3.44
511,Maldonado,UY,2022-02-12 19:19:48,-34.6667,-54.9167,63.79,91,100,18.88
512,Rundu,NA,2022-02-12 19:19:48,-17.9333,19.7667,68.11,83,98,3.91
513,Cervo,ES,2022-02-12 19:12:51,43.6702,-7.4101,49.19,83,42,4.52
514,Aksu,CN,2022-02-12 19:19:49,41.1231,80.2644,30.29,44,57,3.13
515,Severo-Yeniseyskiy,RU,2022-02-12 19:19:49,60.3725,93.0408,-17.5,99,21,3.69
516,Tilichiki,RU,2022-02-12 19:13:46,60.4667,166.1,-21.68,92,12,8.99
517,San Borja,BO,2022-02-12 19:19:50,-14.8167,-66.85,84.9,76,100,3.89
518,Manzil Salim,TN,2022-02-12 19:19:50,35.8567,8.4765,48.2,78,10,5.21
519,Vanavara,RU,2022-02-12 19:15:48,60.34,102.2797,-13.25,100,100,2.39
520,San Carlos De Bariloche,AR,2022-02-12 19:15:52,-41.1456,-71.3082,81.25,11,0,9.22
521,Torva,EE,2022-02-12 19:19:51,58.0028,25.935,35.62,77,100,14.29
522,Bang Saphan,TH,2022-02-12 19:19:51,11.2126,99.5117,74.12,89,13,3.36
523,San Policarpo,PH,2022-02-12 19:19:51,12.1791,125.5072,78.31,85,93,14.92
524,Misratah,LY,2022-02-12 19:19:52,32.3754,15.0925,59.23,62,68,8.88
525,Searcy,US,2022-02-12 19:17:15,35.2506,-91.7363,38.52,43,75,9.22
526,Kloulklubed,PW,2022-02-12 19:19:52,7.0419,134.2556,81.1,76,36,23.17
527,Pyay,MM,2022-02-12 19:19:53,18.8167,95.2167,63.19,49,74,4.36
528,Dandong,CN,2022-02-12 19:18:10,40.1292,124.3947,27.91,62,100,8.19
529,Puerto Madryn,AR,2022-02-12 19:19:37,-42.7692,-65.0385,76.86,25,96,8.12
530,Praia,CV,2022-02-12 19:13:09,14.9215,-23.5087,75.74,64,100,18.41
531,Energetik,RU,2022-02-12 19:19:53,51.7445,58.7934,22.78,92,94,14.43
532,Shaunavon,CA,2022-02-12 19:13:41,49.6501,-108.4181,27.73,77,9,15.1
533,Taywarah,AF,2022-02-12 19:19:54,33.35,64.4167,21.15,50,62,3.51
534,Baglung,NP,2022-02-12 19:19:55,28.2719,83.5898,47.3,62,0,4.88
535,Itaituba,BR,2022-02-12 19:19:55,-4.2761,-55.9836,86.16,79,40,4.61
536,Nyrob,RU,2022-02-12 19:19:55,60.733,56.7202,13.69,96,100,3.87
537,Emerald,AU,2022-02-12 19:18:53,-23.5333,148.1667,68.34,74,0,10.16
538,Rumonge,BI,2022-02-12 19:19:56,-3.9736,29.4386,72.3,84,100,2.08
539,Haines Junction,CA,2022-02-12 19:13:40,60.7522,-137.5108,27.12,95,44,2.91
540,Sao Gabriel Da Cachoeira,BR,2022-02-12 19:19:56,-0.1303,-67.0892,89.4,66,20,8.05
541,Malanville,BJ,2022-02-12 19:19:57,11.8685,3.3899,81.72,10,76,7.78
542,Roebourne,AU,2022-02-12 19:19:57,-20.7833,117.1333,86.11,66,100,1.28
543,Yinchuan,CN,2022-02-12 19:19:32,38.4681,106.2731,28.06,75,60,4.47
544,Axim,GH,2022-02-12 19:19:34,4.8699,-2.2405,80.06,82,88,8.3
545,Selenginsk,RU,2022-02-12 19:19:58,52.0064,106.8647,-22.63,96,25,4.61
546,Neiafu,TO,2022-02-12 19:19:58,-18.65,-173.9833,79.48,83,75,5.75
547,Ariquemes,BR,2022-02-12 19:19:59,-9.9133,-63.0408,83.5,73,79,1.9
548,Nome,US,2022-02-12 19:19:59,64.5011,-165.4064,1.47,55,100,0.0
549,Merauke,ID,2022-02-12 19:19:59,-8.4667,140.3333,76.8,84,0,10.18
550,Ilulissat,GL,2022-02-12 19:13:10,69.2167,-51.1,24.82,86,75,23.02
551,Ginir,ET,2022-02-12 19:20:00,7.1333,40.7,63.7,31,85,6.96
552,San Pedro,PH,2022-02-12 19:20:01,14.35,121.0167,78.35,82,75,3.44
553,Nobeoka,JP,2022-02-12 19:20:02,32.5833,131.6667,47.77,95,100,3.91
554,Boyolangu,ID,2022-02-12 19:13:31,-8.1181,111.8935,74.7,92,100,5.5
555,Yatou,CN,2022-02-12 19:20:02,37.15,122.3833,36.0,63,100,8.93
556,Matane,CA,2022-02-12 19:19:11,48.8286,-67.522,33.55,97,100,8.79
557,Balkhash,KZ,2022-02-12 19:20:03,46.844,74.9804,11.71,95,100,6.58
558,Alice Springs,AU,2022-02-12 19:20:04,-23.7,133.8833,60.35,77,0,5.75
559,Simbahan,PH,2022-02-12 19:20:04,6.3032,120.5836,80.29,79,100,6.98
560,Chimbote,PE,2022-02-12 19:20:05,-9.0853,-78.5783,75.88,69,97,10.92
